OI,CHNG_IN_OI,VOLUME,IV,LTP,CHNG,BID_QTY,BID,ASK,ASK_QTY,STRIKE,TYPE,MID_PRICE,PRICE,SPOT,MONEYNESS,T,BS_PRICE,PRICE_DIFF,%_DIFF
261.0,4.0,66.0,8.37,811.1,-33.05,75.0,803.45,811.1,150.0,23900.0,CALL,807.2750000000001,811.1,24631.3,0.97031013385408,0.03285420944558522,792.1933731432255,-18.90662685677455,-2.3309859273547713
36.0,-1.0,10.0,10.48,772.0,69.35,75.0,756.8,766.3,75.0,23950.0,CALL,761.55,772.0,24631.3,0.9723400713726031,0.03285420944558522,750.7922404198725,-21.20775958012746,-2.747119116596821
10446.0,-73.0,2488.0,7.66,712.0,-35.4,150.0,711.65,715.0,525.0,24000.0,CALL,713.325,712.0,24631.3,0.9743700088911263,0.03285420944558522,692.882969150498,-19.117030849502044,-2.6849762429075903
101.0,-13.0,20.0,9.62,674.0,-29.55,75.0,665.85,675.0,150.0,24050.0,CALL,670.425,674.0,24631.3,0.9763999464096496,0.03285420944558522,652.601965407157,-21.398034592843032,-3.174782580540509
939.0,25.0,192.0,9.3,625.95,-33.5,150.0,622.05,628.95,75.0,24100.0,CALL,625.5,625.95,24631.3,0.9784298839281728,0.03285420944558522,604.3818286254645,-21.568171374535495,-3.4456700015233634
224.0,11.0,23.0,9.76,585.0,-27.6,150.0,577.9,589.4,150.0,24150.0,CALL,583.65,585.0,24631.3,0.9804598214466959,0.03285420944558522,562.3170177975953,-22.682982202404673,-3.87743285511191
5035.0,-590.0,2120.0,9.35,537.35,-32.75,150.0,537.0,542.95,75.0,24200.0,CALL,539.975,537.35,24631.3,0.9824897589652191,0.03285420944558522,514.6300015071356,-22.71999849286442,-4.228156414416008
330.0,-58.0,154.0,9.75,499.2,-29.0,75.0,484.9,509.6,75.0,24250.0,CALL,497.25,499.2,24631.3,0.9845196964837423,0.03285420944558522,475.42436209056905,-23.77563790943094,-4.7627479786520315
2560.0,1.0,2105.0,9.85,459.55,-27.6,75.0,456.1,460.15,150.0,24300.0,CALL,458.125,459.55,24631.3,0.9865496340022655,0.03285420944558522,435.19885332976264,-24.35114667023737,-5.298911254539738
387.0,-4.0,231.0,9.59,416.5,-32.5,150.0,414.2,422.7,75.0,24350.0,CALL,418.45,416.5,24631.3,0.9885795715207886,0.03285420944558522,392.106264423368,-24.393735576632025,-5.856839274101326
6037.0,309.0,7156.0,9.76,381.0,-29.3,150.0,379.1,381.0,600.0,24400.0,CALL,380.05,381.0,24631.3,0.9906095090393118,0.03285420944558522,356.1594094128086,-24.8405905871914,-6.5198400491316
1528.0,-42.0,660.0,9.63,342.8,-28.65,75.0,340.55,344.0,75.0,24450.0,CALL,342.275,342.8,24631.3,0.992639446557835,0.03285420944558522,317.9003960630507,-24.89960393694929,-7.263595080790342
28203.0,2602.0,36116.0,9.68,308.0,-29.6,75.0,308.8,311.0,75.0,24500.0,CALL,309.9,308.0,24631.3,0.9946693840763582,0.03285420944558522,284.27051510165074,-23.729484898349256,-7.7043782137497585
1682.0,92.0,3792.0,9.69,278.0,-23.9,75.0,273.35,277.95,75.0,24550.0,CALL,275.65,278.0,24631.3,0.9966993215948814,0.03285420944558522,252.1549303642787,-25.845069635721302,-9.29678763874867
22644.0,850.0,54407.0,9.56,245.45,-25.45,75.0,244.25,245.0,1425.0,24600.0,CALL,244.625,245.45,24631.3,0.9987292591134045,0.03285420944558522,219.81008170997302,-25.63991829002697,-10.446086082716223
4720.0,1356.0,15200.0,9.71,213.95,-26.55,150.0,216.0,218.45,75.0,24650.0,CALL,217.225,213.95,24631.3,1.0007591966319278,0.03285420944558522,194.5896303709851,-19.360369629014883,-9.049015951864869
29721.0,7876.0,56163.0,9.51,188.45,-23.5,300.0,188.45,191.05,75.0,24700.0,CALL,189.75,188.45,24631.3,1.002789134150451,0.03285420944558522,165.4826723175447,-22.967327682455277,-12.187491473842016
3752.0,990.0,7552.0,9.54,168.0,-17.8,75.0,164.8,166.0,75.0,24750.0,CALL,165.4,168.0,24631.3,1.004819071668974,0.03285420944558522,142.7809848735542,-25.21901512644581,-15.011318527646317
25085.0,514.0,34944.0,9.59,143.0,-19.3,1050.0,143.4,143.9,525.0,24800.0,CALL,143.65,143.0,24631.3,1.0068490091874973,0.03285420944558522,122.7077550530139,-20.292244946986102,-14.190381081808463
3404.0,490.0,7854.0,9.62,124.5,-14.7,75.0,122.8,124.85,150.0,24850.0,CALL,123.82499999999999,124.5,24631.3,1.0088789467060204,0.03285420944558522,104.48143300497031,-20.018566995029687,-16.079170277132278
20213.0,-215.0,21190.0,9.59,107.2,-13.8,75.0,105.9,107.05,75.0,24900.0,CALL,106.475,107.2,24631.3,1.0109088842245435,0.03285420944558522,87.39706187674255,-19.802938123257448,-18.472890040352098
2537.0,-41.0,3775.0,9.58,90.0,-12.65,75.0,90.0,91.75,225.0,24950.0,CALL,90.875,90.0,24631.3,1.0129388217430668,0.03285420944558522,72.7000551116771,-17.299944888322898,-19.22216098702544
91040.0,119.0,88323.0,9.69,76.0,-11.85,975.0,77.5,77.75,75.0,25000.0,CALL,77.625,76.0,24631.3,1.01496875926159,0.03285420944558522,61.60332591345832,-14.39667408654168,-18.94299221913379
3077.0,612.0,6402.0,9.69,65.25,-8.8,300.0,65.0,66.3,225.0,25050.0,CALL,65.65,65.25,24631.3,1.0169986967801132,0.03285420944558522,50.61136186809381,-14.638638131906191,-22.434694455028644
17410.0,1979.0,24925.0,9.8,55.45,-6.85,300.0,55.4,56.1,300.0,25100.0,CALL,55.75,55.45,24631.3,1.0190286342986363,0.03285420944558522,42.50827237286558,-12.941727627134426,-23.339454692758206
2725.0,234.0,4936.0,9.87,47.25,-4.85,75.0,46.5,47.0,150.0,25150.0,CALL,46.75,47.25,24631.3,1.0210585718171594,0.03285420944558522,35.17501835333178,-12.07498164666822,-25.555516712525332
39470.0,427.0,28801.0,9.9,39.15,-4.35,1050.0,39.3,39.4,975.0,25200.0,CALL,39.349999999999994,39.15,24631.3,1.0230885093356827,0.03285420944558522,28.593814957900122,-10.556185042099877,-26.963435612004794
3171.0,722.0,4993.0,10.01,33.45,-2.45,450.0,33.0,34.0,375.0,25250.0,CALL,33.5,33.45,24631.3,1.0251184468542058,0.03285420944558522,23.758639165093882,-9.69136083490612,-28.972678131258956
21019.0,259.0,27773.0,10.1,27.55,-2.85,150.0,28.0,28.45,75.0,25300.0,CALL,28.225,27.55,24631.3,1.027148384372729,0.03285420944558522,19.548995518341144,-8.001004481658857,-29.04175855411563
2740.0,181.0,3303.0,10.26,24.25,-1.2,75.0,23.8,24.5,225.0,25350.0,CALL,24.15,24.25,24631.3,1.0291783218912522,0.03285420944558522,16.499320813341683,-7.750679186658317,-31.961563656322955
14772.0,-12207.0,35816.0,10.31,20.7,-0.15,75.0,20.05,20.55,300.0,25400.0,CALL,20.3,20.7,24631.3,1.0312082594097753,0.03285420944558522,13.292971493990308,-7.407028506009691,-35.78274640584392
1159.0,-53.0,1659.0,10.46,17.25,-0.95,675.0,17.1,17.25,150.0,25450.0,CALL,17.175,17.25,24631.3,1.0332381969282987,0.03285420944558522,11.158790340912219,-6.091209659087781,-35.31136034253786
63788.0,2121.0,40283.0,10.64,14.85,-1.05,75.0,14.95,15.0,2925.0,25500.0,CALL,14.975,14.85,24631.3,1.0352681344468218,0.03285420944558522,9.507060691497145,-5.342939308502855,-35.97938928284751
1326.0,-56.0,2113.0,10.74,12.6,-0.55,300.0,12.6,12.85,825.0,25550.0,CALL,12.725,12.6,24631.3,1.0372980719653448,0.03285420944558522,7.8007607919169,-4.799239208083099,-38.08920006415158
9483.0,-930.0,9256.0,10.92,10.65,-1.1,75.0,10.8,11.1,75.0,25600.0,CALL,10.95,10.65,24631.3,1.0393280094838682,0.03285420944558522,6.6631928122136515,-3.986807187786349,-37.43480927498919
3732.0,1021.0,2555.0,10.99,9.1,-0.85,75.0,9.15,9.3,750.0,25650.0,CALL,9.225000000000001,9.1,24631.3,1.0413579470023913,0.03285420944558522,5.3761129498972196,-3.72388705010278,-40.92183571541517
8503.0,-833.0,9375.0,11.22,8.05,-0.95,450.0,8.05,8.25,150.0,25700.0,CALL,8.15,8.05,24631.3,1.0433878845209146,0.03285420944558522,4.734358517762075,-3.3156414822379254,-41.18809294705497
1141.0,84.0,2899.0,11.47,7.4,-0.75,75.0,7.2,7.4,300.0,25750.0,CALL,7.300000000000001,7.4,24631.3,1.0454178220394377,0.03285420944558522,4.231503896251752,-3.1684961037482484,-42.81751491551687
11902.0,672.0,16151.0,11.62,6.4,-1.15,225.0,6.4,6.55,225.0,25800.0,CALL,6.475,6.4,24631.3,1.0474477595579608,0.03285420944558522,3.5850287546992377,-2.8149712453007627,-43.98392570782442
664.0,-30.0,205.0,11.88,5.9,-1.1,75.0,5.75,5.85,450.0,25850.0,CALL,5.8,5.9,24631.3,1.049477697076484,0.03285420944558522,3.2455253527656396,-2.6544746472343608,-44.99109571583662
5831.0,-302.0,6433.0,11.99,4.85,-1.55,375.0,4.9,5.05,750.0,25900.0,CALL,4.975,4.85,24631.3,1.0515076345950072,0.03285420944558522,2.697130838059593,-2.152869161940407,-44.38905488536922
455.0,-142.0,572.0,12.28,4.7,-1.15,600.0,4.3,4.7,300.0,25950.0,CALL,4.5,4.7,24631.3,1.0535375721135303,0.03285420944558522,2.503658155392145,-2.196341844607855,-46.73067754484798
54803.0,-13919.0,48950.0,12.49,4.25,-1.45,9375.0,4.25,4.3,3075.0,26000.0,CALL,4.275,4.25,24631.3,1.0555675096320536,0.03285420944558522,2.2218102588354895,-2.0281897411645105,-47.72211155681201
676.0,79.0,583.0,12.68,3.8,-1.4,15825.0,3.8,4.0,300.0,26050.0,CALL,3.9,3.8,24631.3,1.0575974471505767,0.03285420944558522,1.95309732707247,-1.8469026729275297,-48.602701919145524
3059.0,-1086.0,3671.0,13.03,3.7,-1.15,900.0,3.65,3.7,1800.0,26100.0,CALL,3.675,3.7,24631.3,1.0596273846691,0.03285420944558522,1.9011366782016523,-1.7988633217983478,-48.61792761617156
202.0,-35.0,112.0,13.49,3.85,-0.3,300.0,3.15,3.6,300.0,26150.0,CALL,3.375,3.85,24631.3,1.061657322187623,0.03285420944558522,1.9806326218972572,-1.869367378102743,-48.55499683383748
4134.0,-1066.0,3717.0,13.38,2.9,-1.05,450.0,2.95,3.0,1125.0,26200.0,CALL,2.975,2.9,24631.3,1.0636872597061462,0.03285420944558522,1.4639218627929722,-1.4360781372070277,-49.51993576575958
343.0,-7.0,57.0,13.84,3.1,-0.55,300.0,2.7,3.0,225.0,26250.0,CALL,2.85,3.1,24631.3,1.0657171972246695,0.03285420944558522,1.5400786852592319,-1.5599213147407682,-50.32004241099253
2319.0,-2105.0,5092.0,13.89,2.6,-0.9,75.0,2.6,2.65,225.0,26300.0,CALL,2.625,2.6,24631.3,1.0677471347431926,0.03285420944558522,1.2598296188508584,-1.3401703811491417,-51.545014659582364
218.0,10.0,11.0,14.15,2.45,-1.0,75.0,2.45,2.95,300.0,26350.0,CALL,2.7,2.45,24631.3,1.069777072261716,0.03285420944558522,1.1772756551731618,-1.2727243448268384,-51.94793244191177
1520.0,-733.0,2861.0,14.43,2.35,-0.9,300.0,2.1,2.35,300.0,26400.0,CALL,2.225,2.35,24631.3,1.071807009780239,0.03285420944558522,1.1169476079407161,-1.233052392059284,-52.47031455571422
46.0,,60.0,14.83,2.4,-1.1,300.0,1.9,2.95,300.0,26450.0,CALL,2.425,2.4,24631.3,1.0738369472987621,0.03285420944558522,1.1438656559580238,-1.256134344041976,-52.33893100174901
16846.0,1277.0,8843.0,14.71,1.9,-1.05,7050.0,1.85,1.9,525.0,26500.0,CALL,1.875,1.9,24631.3,1.0758668848172854,0.03285420944558522,0.8478027436743076,-1.0521972563256923,-55.37880296451012
30.0,-2.0,18.0,15.16,1.95,-0.55,450.0,1.8,2.45,600.0,26550.0,CALL,2.125,1.95,24631.3,1.0778968223358085,0.03285420944558522,0.9034030339449259,-1.046596966055074,-53.671639284875596
1400.0,-27.0,658.0,15.25,1.7,-1.1,750.0,1.8,1.9,300.0,26600.0,CALL,1.85,1.7,24631.3,1.0799267598543316,0.03285420944558522,0.7673206727862691,-0.9326793272137308,-54.863489836101806
169.0,-1.0,4.0,16.57,2.8,-0.2,450.0,1.65,2.1,225.0,26650.0,CALL,1.875,2.8,24631.3,1.081956697372855,0.03285420944558522,1.356872063725973,-1.4431279362740268,-51.5402834383581
1157.0,-158.0,404.0,15.99,1.75,-0.6,1800.0,1.55,1.7,675.0,26700.0,CALL,1.625,1.75,24631.3,1.083986634891378,0.03285420944558522,0.7933787256576466,-0.9566212743423534,-54.66407281956306
234.0,-19.0,90.0,16.16,1.6,-0.7,1050.0,1.5,2.05,300.0,26750.0,CALL,1.775,1.6,24631.3,1.0860165724099013,0.03285420944558522,0.7142663050117051,-0.885733694988295,-55.35835593676843
2387.0,-20.0,686.0,16.72,1.8,-0.65,750.0,1.75,2.0,300.0,26800.0,CALL,1.875,1.8,24631.3,1.0880465099284244,0.03285420944558522,0.8161177387025447,-0.9838822612974554,-54.66012562763641
36.0,14.0,242.0,17.0,1.75,-0.55,750.0,1.6,2.0,750.0,26850.0,CALL,1.8,1.75,24631.3,1.0900764474469475,0.03285420944558522,0.7881720458100148,-0.9618279541899852,-54.961597382284864
279.0,-4.0,32.0,17.5,1.9,-0.3,900.0,1.75,1.9,75.0,26900.0,CALL,1.825,1.9,24631.3,1.0921063849654709,0.03285420944558522,0.864399025526879,-1.035600974473121,-54.505314445953736
15.0,4.0,13.0,17.37,1.5,-1.4,3000.0,1.55,1.75,225.0,26950.0,CALL,1.65,1.5,24631.3,1.094136322483994,0.03285420944558522,0.6610361107944698,-0.8389638892055302,-55.93092594703535
14901.0,-313.0,2332.0,17.94,1.7,-0.25,75.0,1.5,1.7,600.0,27000.0,CALL,1.6,1.7,24631.3,1.096166260002517,0.03285420944558522,0.75831995184015,-0.94168004815985,-55.392944009402946
299.0,24.0,61.0,18.45,1.85,,225.0,1.5,1.75,600.0,27050.0,CALL,1.625,1.85,24631.3,1.0981961975210404,0.03285420944558522,0.8356498120786426,-1.0143501879213574,-54.82973988764094
205.0,124.0,272.0,18.6,1.7,-0.15,1050.0,1.5,1.7,3900.0,27100.0,CALL,1.6,1.7,24631.3,1.1002261350395635,0.03285420944558522,0.7565557965033065,-0.9434442034966934,-55.49671785274668
12.0,-6.0,6.0,18.67,1.5,-0.4,1800.0,1.3,2.0,300.0,27150.0,CALL,1.65,1.5,24631.3,1.1022560725580868,0.03285420944558522,0.6559028702985188,-0.8440971297014812,-56.27314198009875
67.0,-36.0,81.0,19.19,1.65,-0.4,300.0,1.4,1.75,300.0,27200.0,CALL,1.575,1.65,24631.3,1.1042860100766099,0.03285420944558522,0.7290651560280992,-0.9209348439719007,-55.81423296799398
95.0,39.0,86.0,19.39,1.55,-0.3,75.0,1.5,1.55,300.0,27250.0,CALL,1.525,1.55,24631.3,1.106315947595133,0.03285420944558522,0.6813426603384727,-0.8686573396615274,-56.042409010421125
149.0,-4.0,6.0,19.64,1.5,-0.3,375.0,1.45,1.75,300.0,27300.0,CALL,1.6,1.5,24631.3,1.1083458851136563,0.03285420944558522,0.6549706306678758,-0.8450293693321242,-56.335291288808286
171.0,44.0,109.0,19.81,1.4,-0.2,900.0,1.4,1.75,300.0,27350.0,CALL,1.575,1.4,24631.3,1.1103758226321794,0.03285420944558522,0.6039586098959333,-0.7960413901040666,-56.86009929314761
6267.0,321.0,1458.0,20.05,1.35,-0.35,1800.0,1.35,1.4,450.0,27400.0,CALL,1.375,1.35,24631.3,1.1124057601507027,0.03285420944558522,0.5790380762343261,-0.770961923765674,-57.10829064930918
2049.0,949.0,2082.0,20.68,4.6,-0.35,300.0,4.5,4.6,825.0,22600.0,PUT,4.55,4.6,24631.3,0.9175317583724774,0.03285420944558522,2.693550054824925,-1.9064499451750745,-41.4445640255451
185.0,148.0,229.0,20.48,5.0,0.4,300.0,4.85,5.1,300.0,22650.0,PUT,4.975,5.0,24631.3,0.9195616958910005,0.03285420944558522,2.9754606741619796,-2.0245393258380204,-40.49078651676041
275.0,98.0,323.0,19.97,4.9,-0.6,75.0,5.1,5.3,450.0,22700.0,PUT,5.199999999999999,4.9,24631.3,0.9215916334095237,0.03285420944558522,2.9177387256199268,-1.9822612743800736,-40.45431172204231
34.0,-3.0,17.0,19.97,5.75,-0.15,300.0,4.95,5.95,300.0,22750.0,PUT,5.45,5.75,24631.3,0.9236215709280469,0.03285420944558522,3.4889584420648703,-2.2610415579351297,-39.32246187713269
16043.0,-2824.0,6994.0,19.49,5.7,0.05,75.0,5.6,5.7,1950.0,22800.0,PUT,5.65,5.7,24631.3,0.9256515084465701,0.03285420944558522,3.47270578432898,-2.2272942156710203,-39.07533711703544
567.0,36.0,152.0,19.23,6.1,,75.0,5.85,6.25,300.0,22850.0,PUT,6.05,6.1,24631.3,0.9276814459650933,0.03285420944558522,3.7647927608469445,-2.335207239153055,-38.28208588775501
1860.0,-3.0,644.0,18.84,6.25,-0.1,75.0,6.25,6.45,75.0,22900.0,PUT,6.35,6.25,24631.3,0.9297113834836164,0.03285420944558522,3.8869909460498775,-2.3630090539501225,-37.80814486320196
365.0,38.0,332.0,18.72,7.05,0.2,75.0,6.65,6.9,300.0,22950.0,PUT,6.775,7.05,24631.3,0.9317413210021396,0.03285420944558522,4.455714324658402,-2.594285675341598,-36.79837837363969
31589.0,-191.0,19987.0,18.16,6.85,-0.3,1125.0,6.85,7.1,375.0,23000.0,PUT,6.975,6.85,24631.3,0.9337712585206628,0.03285420944558522,4.322586500032116,-2.5274134999678832,-36.89654744478662
298.0,7.0,135.0,18.05,7.75,-0.05,75.0,7.4,7.85,75.0,23050.0,PUT,7.625,7.75,24631.3,0.935801196039186,0.03285420944558522,4.988853106843521,-2.7611468931564787,-35.62770184718037
2008.0,-138.0,1302.0,17.64,8.1,0.15,75.0,7.85,8.1,225.0,23100.0,PUT,7.975,8.1,24631.3,0.9378311335577091,0.03285420944558522,5.14163132670086,-2.958368673299139,-36.52307004073012
362.0,64.0,324.0,17.25,8.2,-0.55,450.0,8.3,8.75,300.0,23150.0,PUT,8.525,8.2,24631.3,0.9398610710762323,0.03285420944558522,5.3465053493559935,-2.8534946506440058,-34.79871525175617
6792.0,226.0,2524.0,17.13,9.3,0.05,18825.0,9.0,9.3,450.0,23200.0,PUT,9.15,9.3,24631.3,0.9418910085947555,0.03285420944558522,6.169353998244674,-3.130646001755327,-33.66286023392824
672.0,-15.0,484.0,16.84,9.95,0.1,75.0,9.5,10.1,225.0,23250.0,PUT,9.8,9.95,24631.3,0.9439209461132787,0.03285420944558522,6.683504787235279,-3.2664952127647204,-32.829097615725836
4887.0,-247.0,2594.0,16.54,10.65,0.25,75.0,10.35,10.6,75.0,23300.0,PUT,10.475,10.65,24631.3,0.9459508836318018,0.03285420944558522,7.225112456349848,-3.4248875436501525,-32.158568484977955
718.0,90.0,430.0,16.14,11.0,-0.25,750.0,11.1,11.7,450.0,23350.0,PUT,11.399999999999999,11.0,24631.3,0.947980821150325,0.03285420944558522,7.541070476679806,-3.4589295233201938,-31.4448138483654
5177.0,296.0,3642.0,15.96,12.3,0.5,225.0,12.0,12.3,300.0,23400.0,PUT,12.15,12.3,24631.3,0.9500107586688482,0.03285420944558522,8.547680446728236,-3.7523195532717644,-30.50666303472979
529.0,-207.0,479.0,15.72,13.45,0.45,75.0,13.0,13.65,300.0,23450.0,PUT,13.325,13.45,24631.3,0.9520406961873714,0.03285420944558522,9.488005658947827,-3.961994341052172,-29.457206996670426
26852.0,-1282.0,20063.0,15.34,14.05,0.15,450.0,14.1,14.25,675.0,23500.0,PUT,14.175,14.05,24631.3,0.9540706337058945,0.03285420944558522,10.038019036880655,-4.0119809631193455,-28.555024648536264
939.0,82.0,414.0,15.18,15.9,0.8,75.0,15.25,16.0,150.0,23550.0,PUT,15.625,15.9,24631.3,0.9561005712244177,0.03285420944558522,11.494174596659377,-4.405825403340623,-27.709593731702032
6487.0,-85.0,6947.0,14.86,17.2,0.65,525.0,17.0,17.2,300.0,23600.0,PUT,17.1,17.2,24631.3,0.9581305087429409,0.03285420944558522,12.468110885367878,-4.731889114632121,-27.510983224605358
992.0,155.0,832.0,14.6,19.2,1.35,300.0,18.45,19.2,300.0,23650.0,PUT,18.825,19.2,24631.3,0.9601604462614641,0.03285420944558522,13.82915710779912,-5.37084289220088,-27.973140063546253
6836.0,357.0,7772.0,14.42,20.95,1.15,75.0,20.5,20.85,225.0,23700.0,PUT,20.675,20.95,24631.3,0.9621903837799873,0.03285420944558522,15.767472601168265,-5.182527398831734,-24.73760094907749
878.0,-11.0,1431.0,14.15,22.85,1.25,75.0,22.85,23.45,300.0,23750.0,PUT,23.15,22.85,24631.3,0.9642203212985104,0.03285420944558522,17.477525396821875,-5.3724746031781265,-23.51192386511215
15377.0,960.0,14065.0,14.0,26.0,1.65,300.0,25.45,26.0,150.0,23800.0,PUT,25.725,26.0,24631.3,0.9662502588170336,0.03285420944558522,20.13240548559361,-5.867594514406392,-22.56767120925535
1467.0,-285.0,2312.0,13.76,28.7,2.15,225.0,28.0,28.85,450.0,23850.0,PUT,28.425,28.7,24631.3,0.9682801963355568,0.03285420944558522,22.57039471236567,-6.12960528763433,-21.357509713011606
15457.0,241.0,12193.0,13.54,31.9,2.2,300.0,31.55,32.1,525.0,23900.0,PUT,31.825000000000003,31.9,24631.3,0.97031013385408,0.03285420944558522,25.477459345389434,-6.422540654610565,-20.133356284045657
1974.0,109.0,2038.0,13.26,34.95,2.2,150.0,35.0,35.7,375.0,23950.0,PUT,35.35,34.95,24631.3,0.9723400713726031,0.03285420944558522,28.307709294378583,-6.64229070562142,-19.00512362123439
51066.0,-3723.0,60903.0,13.09,39.0,2.45,150.0,39.25,39.5,450.0,24000.0,PUT,39.375,39.0,24631.3,0.9743700088911263,0.03285420944558522,32.44513404655618,-6.554865953443823,-16.807348598573903
1592.0,312.0,2466.0,12.92,44.55,3.9,75.0,43.75,44.8,300.0,24050.0,PUT,44.275,44.55,24631.3,0.9763999464096496,0.03285420944558522,37.16532862725035,-7.384671372749651,-16.576142250840967
9806.0,1111.0,16125.0,12.72,50.0,4.65,75.0,49.5,50.0,375.0,24100.0,PUT,49.75,50.0,24631.3,0.9784298839281728,0.03285420944558522,42.23905264786072,-7.760947352139283,-15.521894704278566
1889.0,290.0,2807.0,12.57,56.55,5.35,375.0,55.4,56.65,300.0,24150.0,PUT,56.025,56.55,24631.3,0.9804598214466959,0.03285420944558522,48.54964517134431,-8.000354828655688,-14.147400227507848
25640.0,7132.0,39340.0,12.44,63.95,7.0,150.0,63.0,64.2,75.0,24200.0,PUT,63.6,63.95,24631.3,0.9824897589652191,0.03285420944558522,55.95895154084701,-7.991048459152992,-12.49577554206879
3813.0,721.0,5613.0,12.15,72.8,7.65,75.0,70.5,72.75,75.0,24250.0,PUT,71.625,72.8,24631.3,0.9845196964837423,0.03285420944558522,62.33689039861656,-10.463109601383437,-14.372403298603622
20860.0,933.0,23973.0,12.07,81.25,7.95,75.0,79.05,81.35,75.0,24300.0,PUT,80.19999999999999,81.25,24631.3,0.9865496340022655,0.03285420944558522,72.37391169800412,-8.876088301995878,-10.924416371687235
2407.0,136.0,3898.0,11.86,90.5,6.75,75.0,89.5,92.0,900.0,24350.0,PUT,90.75,90.5,24631.3,0.9885795715207886,0.03285420944558522,81.84015752843152,-8.659842471568481,-9.568886708915448
18335.0,396.0,26006.0,11.79,103.4,9.2,75.0,102.65,103.4,75.0,24400.0,PUT,103.025,103.4,24631.3,0.9906095090393118,0.03285420944558522,94.61951732927992,-8.78048267072009,-8.49176273764032
3486.0,297.0,7597.0,11.65,118.25,11.45,150.0,115.85,117.95,75.0,24450.0,PUT,116.9,118.25,24631.3,0.992639446557835,0.03285420944558522,107.81517182974312,-10.434828170256878,-8.824379002331398
54186.0,1650.0,75410.0,11.62,133.85,12.2,75.0,130.7,133.55,75.0,24500.0,PUT,132.125,133.85,24631.3,0.9946693840763582,0.03285420944558522,124.36823544076105,-9.48176455923894,-7.083873409965588
3833.0,142.0,7613.0,11.5,152.8,16.1,75.0,146.25,149.6,75.0,24550.0,PUT,147.925,152.8,24631.3,0.9966993215948814,0.03285420944558522,141.15188686525107,-11.64811313474894,-7.623110690280719
22594.0,1138.0,68191.0,11.35,170.0,15.6,75.0,166.25,168.0,825.0,24600.0,PUT,167.125,170.0,24631.3,0.9987292591134045,0.03285420944558522,159.1730784084266,-10.82692159157341,-6.3687774068078875
5595.0,1692.0,17379.0,11.25,187.0,12.9,75.0,187.05,189.0,1200.0,24650.0,PUT,188.025,187.0,24631.3,1.0007591966319278,0.03285420944558522,179.91901566562046,-7.0809843343795364,-3.786622638705634
24222.0,6132.0,47474.0,11.21,214.0,18.7,75.0,209.4,213.0,225.0,24700.0,PUT,211.2,214.0,24631.3,1.002789134150451,0.03285420944558522,203.67325932867425,-10.326740671325751,-4.825579752955958
1713.0,97.0,6320.0,11.25,237.0,17.0,75.0,234.1,239.85,75.0,24750.0,PUT,236.975,237.0,24631.3,1.004819071668974,0.03285420944558522,230.82540449799126,-6.174595502008742,-2.6053145578095958
14679.0,-67.0,15332.0,11.33,271.05,27.0,825.0,264.0,267.25,75.0,24800.0,PUT,265.625,271.05,24631.3,1.0068490091874973,0.03285420944558522,260.61536505557524,-10.434634944424772,-3.8497085203559385
1470.0,106.0,1281.0,11.49,297.55,25.2,750.0,293.1,298.9,75.0,24850.0,PUT,296.0,297.55,24631.3,1.0088789467060204,0.03285420944558522,293.61841859720516,-3.9315814027948477,-1.321317897091194
10639.0,-112.0,4375.0,11.42,330.9,27.8,75.0,325.05,331.15,75.0,24900.0,PUT,328.1,330.9,24631.3,1.0109088842245435,0.03285420944558522,324.5017106975465,-6.398289302453463,-1.9336020859635732
1146.0,-26.0,196.0,11.34,358.4,23.1,450.0,360.0,364.0,150.0,24950.0,PUT,362.0,358.4,24631.3,1.0129388217430668,0.03285420944558522,357.08611352215667,-1.3138864778433117,-0.36659778957681693
42033.0,-1841.0,17960.0,11.66,398.0,27.25,525.0,398.0,400.0,450.0,25000.0,PUT,399.0,398.0,24631.3,1.01496875926159,0.03285420944558522,397.4906198045064,-0.509380195493577,-0.1279849737421048
596.0,22.0,154.0,11.8,435.9,24.4,150.0,433.55,440.3,75.0,25050.0,PUT,436.925,435.9,24631.3,1.0169986967801132,0.03285420944558522,436.4078887196847,0.507888719684729,0.11651496207495506
7407.0,-103.0,1477.0,11.95,475.0,30.2,150.0,473.65,479.6,75.0,25100.0,PUT,476.625,475.0,24631.3,1.0190286342986363,0.03285420944558522,476.6936806737249,1.6936806737248844,0.35656435236313355
481.0,-15.0,76.0,11.6,508.1,20.15,150.0,515.1,520.75,150.0,25150.0,PUT,517.925,508.1,24631.3,1.0210585718171594,0.03285420944558522,511.8481894859651,3.7481894859650993,0.7376873619297577
21886.0,-94.0,1844.0,12.4,558.7,34.1,150.0,557.05,563.55,75.0,25200.0,PUT,560.3,558.7,24631.3,1.0230885093356827,0.03285420944558522,562.239169727105,3.5391697271049907,0.6334651381967049
551.0,-6.0,26.0,12.4,598.8,27.05,150.0,599.25,607.55,150.0,25250.0,PUT,603.4,598.8,24631.3,1.0251184468542058,0.03285420944558522,603.7227883106716,4.922788310671649,0.8221089363179107
7235.0,-65.0,749.0,12.93,646.5,33.7,150.0,645.5,652.05,75.0,25300.0,PUT,648.775,646.5,24631.3,1.027148384372729,0.03285420944558522,651.7140151664898,5.214015166489844,0.8064988656596819
800.0,110.0,123.0,12.48,683.05,21.55,150.0,690.2,698.05,150.0,25350.0,PUT,694.125,683.05,24631.3,1.0291783218912522,0.03285420944558522,690.4991814972454,7.44918149724549,1.0905763117261535
5111.0,-373.0,839.0,13.88,741.5,41.35,1800.0,737.1,744.1,75.0,25400.0,PUT,740.6,741.5,24631.3,1.0312082594097753,0.03285420944558522,747.3442276750575,5.844227675057482,0.7881628691918383
300.0,153.0,210.0,13.57,780.85,-79.35,300.0,779.4,792.35,150.0,25450.0,PUT,785.875,780.85,24631.3,1.0332381969282987,0.03285420944558522,788.5572086575303,7.707208657530259,0.9870280665339385
26610.0,-147.0,1328.0,14.37,832.55,36.25,150.0,832.6,835.0,75.0,25500.0,PUT,833.8,832.55,24631.3,1.0352681344468218,0.03285420944558522,839.8918358126102,7.34183581261027,0.8818492357948796
205.0,-40.0,52.0,15.23,885.0,40.7,150.0,873.05,887.0,75.0,25550.0,PUT,880.025,885.0,24631.3,1.0372980719653448,0.03285420944558522,891.748781400569,6.748781400568987,0.7625741695558177
1716.0,9.0,117.0,15.46,931.0,36.85,75.0,925.3,935.35,75.0,25600.0,PUT,930.325,931.0,24631.3,1.0393280094838682,0.03285420944558522,938.4743391278353,7.474339127835265,0.8028291222164623
1439.0,12.0,105.0,15.02,1016.3,25.55,750.0,1020.75,1029.8,75.0,25700.0,PUT,1025.275,1016.3,24631.3,1.0433878845209146,0.03285420944558522,1026.9320346302375,10.632034630237513,1.0461511984883904
2066.0,9.0,32.0,15.68,1112.75,35.75,150.0,1120.5,1130.0,150.0,25800.0,PUT,1125.25,1112.75,24631.3,1.0474477595579608,0.03285420944558522,1124.1439890266556,11.393989026655618,1.0239486880840816
680.0,-9.0,13.0,14.88,1200.85,17.3,225.0,1218.9,1232.35,75.0,25900.0,PUT,1225.625,1200.85,24631.3,1.0515076345950072,0.03285420944558522,1215.4081328999891,14.558132899989232,1.212319015696318
43.0,,1.0,11.47,1237.05,24.85,150.0,1266.15,1276.5,225.0,25950.0,PUT,1271.325,1237.05,24631.3,1.0535375721135303,0.03285420944558522,1256.3077277352131,19.257727735213166,1.556746108501125
17910.0,-255.0,769.0,18.87,1320.0,41.05,75.0,1317.4,1323.8,75.0,26000.0,PUT,1320.6,1320.0,24631.3,1.0555675096320536,0.03285420944558522,1329.5279009565384,9.52790095653836,0.7218106785256333
500.0,6.0,13.0,19.28,1415.0,-8.65,150.0,1411.7,1425.6,225.0,26100.0,PUT,1418.65,1415.0,24631.3,1.0596273846691,0.03285420944558522,1425.6815883662894,10.681588366289361,0.7548825700557853
70.0,8.0,8.0,19.16,1460.7,49.45,1725.0,1325.1,1475.1,225.0,26150.0,PUT,1400.1,1460.7,24631.3,1.061657322187623,0.03285420944558522,1472.428260093202,11.728260093201925,0.8029205239407082
268.0,-5.0,9.0,16.63,1495.05,1.85,225.0,1513.1,1525.05,225.0,26200.0,PUT,1519.0749999999998,1495.05,24631.3,1.0636872597061462,0.03285420944558522,1511.3199614063633,16.269961406363336,1.0882553363675689
154.0,8.0,8.0,20.3,1608.1,20.85,750.0,1612.35,1623.95,225.0,26300.0,PUT,1618.15,1608.1,24631.3,1.0677471347431926,0.03285420944558522,1620.4815275754481,12.381527575448217,0.7699476136713026
8970.0,66.0,317.0,23.18,1813.0,31.55,75.0,1811.65,1821.05,75.0,26500.0,PUT,1816.35,1813.0,24631.3,1.0758668848172854,0.03285420944558522,1823.9709815082097,10.970981508209661,0.6051285994599923
9348.0,-20.0,85.0,27.68,2310.0,34.25,150.0,2310.7,2319.95,75.0,27000.0,PUT,2315.325,2310.0,24631.3,1.096166260002517,0.03285420944558522,2321.597682573356,11.597682573355996,0.5020641806647618
25.0,1.0,1.0,30.75,2516.0,69.25,75.0,2496.2,2541.2,150.0,27200.0,PUT,2518.7,2516.0,24631.3,1.1042860100766099,0.03285420944558522,2525.903499336069,9.903499336069217,0.3936208003207161
